vocab,type,meaning,weight
abrupt,adj,突然的;意外的,0
absurd,adj,荒謬的;愚蠢的,0
abundant,adj,大量的;充足的; 豐富的,0
ace,adj,第一流的;突出的,0
adolescent,adj,青少年的;未成熟的,0
agricultural,adj,農業的,0
airtight,adj,密閉的;無懈可擊的,0
alien,adj,外國的;外國人的,0
allergic,adj,過敏的,0
alternate,adj,輪流的,0
ample,adj,大量的;充裕的,0
antique,adj,年代久遠的;古董的,0
apt,adj,易於...的;恰當的;聰明的,0
astray,adj,迷路的;離開正道的,0
barbarian,adj,野蠻(人)的,0
barefoot,adj,赤腳的,0
barren,adj,貧瘠的;荒蕪的;不妊的,0
bass,adj,低沈的;男低音的,0
beloved,adj,心愛的,0
beneficial,adj,有益的;有利的,0
blond,adj,白膚金髮碧眼的,0
blonde,adj,白膚金髮碧眼的,0
bodily,adj,肉體的;身體的;有形的,0
bronze,adj,青銅製的;青銅色的,0
carefree,adj,無憂無慮的;輕鬆愉快的,0
cautious,adj,十分小心的;謹慎的,0
centigrade,adj,攝氏的,0
chestnut,adj,栗色的,0
chubby,adj,圓胖的,0
civic,adj,城市的;市民的,0
clockwise,adj,順時針方向的;右旋的,0
colonial,adj,殖民地的;殖民的,0
commonplace,adj,平凡的;普通的,0
communist,adj,共產主義的,0
compact,adj,緊密的;結實的;小型的,0
compassionate,adj,有同情心的;慈悲的,0
compound,adj,"合成的,複合的",0
considerate,adj,體諒的,0
constitutional,adj,憲法的;生來的,0
contagious,adj,接觸傳染的;(感情等)感染性的,0
contemporary,adj,當代的,0
continental,adj,洲的;大陸的,0
coral,adj,珊瑚的;珊瑚色的,0
corrupt,adj,腐敗的;貪污的,0
counterclockwise,adj,逆時針方向的,0
cowardly,adj,膽小的;懦怯的,0
cozy,adj,舒適的;愜意的,0
crystal,adj,水晶的,0
descriptive,adj,描寫的;描述性的,0
destructive,adj,破壞的;毀滅性的,0
distinctive,adj,有特色的;特殊的,0
downward,adj,"向下的,下降的;日趨沒落的",0
dreadful,adj,可怕的,0
elaborate,adj,"精心製作的;煞費苦心的,辛勤的",0
enthusiastic,adj,熱情的;熱烈的,0
erect,adj,豎起的,0
eternal,adj,永久的;永恆的,0
evergreen,adj,常綠的;常青的,0
exceptional,adj,例外的;異常的;特殊的,0
excess,adj,過量的;額外的,0
executive,adj,執行的;行政部門的,0
extensive,adj,廣大的;廣闊的,0
exterior,adj,外部的;外面的,0
external,adj,外面的;外來的,0
extinct,adj,(火等)熄滅了的;絕種的,0
extraordinary,adj,異常的;特別的,0
federal,adj,聯邦(制)的,0
feeble,adj,虛弱的;軟弱的,0
feminine,adj,女性的;女孩氣的;陰性的,0
forgetful,adj,健忘的,0
foul,adj,惡臭的;污濁的;惡劣的;犯規的,0
frantic,adj,(因喜悅或憤怒等)發狂似的,0
gay,adj,同性戀的,0
geographical,adj,地理學的;地理的,0
gorgeous,adj,燦爛的;華麗的;極好的,0
grim,adj,無情的;嚴厲的;恐怖的,0
gross,adj,總的;粗略的;令人噁心的,0
hardy,adj,能吃苦耐勞的;(植物等)耐寒的,0
hearty,adj,衷心的;健壯的;豐盛的,0
heavenly,adj,天堂般的,0
heroic,adj,英雄的;英勇的,0
heterosexual,adj,異性戀的,0
hoarse,adj,(嗓音)嘶啞的,0
homosexual,adj,同性戀的,0
horizontal,adj,水平的;橫的,0
hostile,adj,敵方的;懷敵意的,0
immense,adj,巨大的;廣大的,0
imperial,adj,帝國的,0
indifferent,adj,不感興趣的;中立的;無關緊要的,0
indignant,adj,憤怒的;憤慨的,0
indispensable,adj,必不可少的;必需的,0
infinite,adj,無限的,0
initiate,adj,新加入的,0
inland,adj,內地的;內陸的,0
innumerable,adj,無數的,0
intent,adj,專注的;熱切的;堅決要做的,0
interior,adj,內的;內部的,0
inward,adj,"裡面的,內部的;內心的;向內的",0
jolly,adj,"快活的,高興的",0
juvenile,adj,少年的;孩子氣的;幼年的,0
kin,adj,有親屬關係的;同類的;類似的,0
knowledgeable,adj,博學的;有見識的,0
lame,adj,跛腳的;站不住腳的,0
lifelong,adj,終身的;一輩子的,0
locomotive,adj,活動的;移動的;火車頭的,0
lofty,adj,高聳的;極高的;高傲的,0
lonesome,adj,寂寞的;孤單的;荒涼的,0
maiden,adj,未婚的;少女的;初次的,0
majestic,adj,雄偉的;威嚴的;崇高的,0
manifest,adj,顯然的;清楚的,0
marginal,adj,頁邊的;邊緣的;不重要的,0
marine,adj,海的;海生的;海軍陸戰隊的,0
martial,adj,戰爭的;軍事的;尚武的,0
masculine,adj,男性的;男子氣概的,0
massive,adj,厚實的;粗大的;大量的,0
migrant,adj,移居(尤指移出國境)的;流浪的,0
minimal,adj,最小的;極微的,0
mock,adj,假的;假裝的;模擬的,0
monstrous,adj,怪異的;駭人聽聞的;巨大的,0
mortal,adj,會死的;凡人的;致命的;極度的,0
muscular,adj,肌肉的;健壯的,0
naive,adj,天真的;幼稚的;輕信的,0
nasty,adj,齷齪的;卑鄙的;難處理的,0
nonviolent,adj,非暴力的,0
notable,adj,值得注意的;顯著的,0
noticeable,adj,顯而易見的;顯著的,0
nude,adj,裸的;與生俱有的,0
oblong,adj,橢圓形的,0
obstinate,adj,頑固的;頑強的,0
olive,adj,橄欖的;橄欖色的,0
oriental,adj,(珍珠等)光輝奪目的;優質的,0
outgoing,adj,直率的;往外的;即將離職的;友善的,0
outward,adj,向外的;往外去的,0
overall,adj,"總的,全部的,全面的",0
pacific,adj,(大寫) 太平洋的; 愛好和平的; 溫和的;平靜的,0
parallel,adj,"平行的,同方向的",0
passionate,adj,熱情的;激昂的,0
patent,adj,專利的,0
permissible,adj,可允許的,0
poetic,adj,詩的;韻文的,0
polar,adj,北極的;南極的;截然對立的,0
potential,adj,"潛在的,可能的",0
prehistoric,adj,史前的;舊式的,0
priceless,adj,無價的;稀世之珍的,0
prior,adj,在先的;在前的;居先的,0
ragged,adj,破爛的;不整潔的;參差不齊的,0
rear,adj,"後面的,背後的",0
reckless,adj,不在乎的;魯莽的,0
reptile,adj,爬行動物(似)的,0
republican,adj,共和政體的,0
resident,adj,"居住的,定居的;常駐的",0
reverse,adj,顛倒的;相反的;反向的,0
ridiculous,adj,"可笑的,荒謬的;滑稽的",0
rigid,adj,堅硬的;嚴格的;死板的,0
robust,adj,強健的;健全的;結實的,0
rugged,adj,高低不平的;粗糙的;粗線條的,0
sacred,adj,神的;神聖的,0
salmon,adj,"鮭肉色的,淺澄色的",0
savage,adj,野性的;兇猛的;殘酷的,0
secure,adj,安全的牢固的,0
shabby,adj,破爛的;破舊的;邋遢的,0
sloppy,adj,懶散的;草率的,0
sly,adj,狡猾的,0
sober,adj,清醒的;沒喝醉的;嚴肅的,0
sole,adj,單獨的;唯一的,0
solemn,adj,嚴肅的;莊嚴的;鄭重的,0
solitary,adj,單獨的;唯一的;隱居的,0
sovereign,adj,最高統治者的;具有獨立主權的,0
squat,adj,蹲著的;矮胖的,0
statistical,adj,統計的;統計學的,0
stern,adj,嚴厲的;堅定的,0
stout,adj,矮胖的;結實的;牢固的,0
straightforward,adj,一直向前的;正直的;簡單易懂的,0
stray,adj,迷路的;流浪的;零星的,0
structural,adj,建築上的;建築用的;結構上的,0
sturdy,adj,結實的;健康的;堅固的,0
stylish,adj,時髦的;漂亮的,0
substantial,adj,大量的;實在的,0
superficial,adj,外表的;粗略的;膚淺的,0
supreme,adj,"最高的,至上的",0
tan,adj,鞣革的;棕褐色的,0
tentative,adj,試驗性的;暫時性的;猶豫的,0
terminal,adj,末端的;終點的,0
toxic,adj,毒(性)的;有毒的,0
transparent,adj,透明的;一目了然的;易懂的,0
trim,adj,整齊的;苗條的,0
triple,adj,三倍的;三重的,0
underneath,adj,下面的;底層的,0
understandable,adj,可理解的;能懂的,0
upright,adj,挺直的;直立的;正直的,0
upward,adj,向上的;升高的,0
utter,adj,徹底的;十足的;絕對的,0
vague,adj,(形狀等)模糊不清的;曖昧的,0
velvet,adj,天鵝絨製的;柔軟光滑的,0
verbal,adj,言辭上的;動詞的,0
vertical,adj,垂直的;豎的,0
vigorous,adj,精力充沛的,0
wary,adj,小心翼翼的;謹防的,0
weary,adj,疲倦的;厭倦的,0
weird,adj,怪誕的,0
wholesale,adj,批發的,0
wholesome,adj,有益健康的;強健的,0
widespread,adj,分佈(或散佈)廣的,0
worthwhile,adj,值得花費時間(或金錢)的,0
worthy,adj,值得的,0
abide,v,忍受;等候,0
abolish,v,廢除;廢止,0
accustom,v,使習慣於,0
acknowledge,v,承認,0
adore,v,崇拜;愛慕,0
ally,v,使結盟;使聯姻,0
alter,v,改變;修改,0
alternate,v,輪流,0
anchor,v,拋錨;繫住;主持電視新聞節目,0
applaud,v,向...鼓掌;稱讚,0
armor,v,穿盔甲(或加裝甲);提供防禦,0
ascend,v,登高;上升;,0
assault,v,攻擊;抨擊;施暴,0
astonish,v,"使吃驚,使驚訝",0
awe,v,使敬畏;使畏怯,0
ballot,v,投票;投票表決,0
ban,v,禁止;取締,0
banquet,v,宴請,0
batter,v,連續猛擊;搗毀;把...用舊,0
beautify,v,使更加美麗;美化,0
beware,v,當心;提防,0
bid,v,吩咐;(拍賣中)喊價,0
blast,v,炸開;吹奏;嚴厲批評,0
blaze,v,燃燒;閃耀;炫示,0
bleach,v,漂白;曬得褪色;使脫色,0
blot,v,污損(名譽);(用吸墨紙)吸乾,0
blur,v,使模糊不清;使朦朧,0
bog,v,陷入泥沼;動彈不得,0
bolt,v,閂上;用螺栓拴緊;吞吃;衝出,0
boom,v,發出隆隆聲;激增;暴漲;興旺,0
bound,v,與...接界;跳躍;彈回,0
brace,v,支撐;做好準備,0
braid,v,編成辮子;編成穗帶;編結,0
bribe,v,向...行賄,0
broaden,v,變寬;變闊;擴大,0
brood,v,孵蛋;籠罩;沈思;沮喪,0
browse,v,瀏覽,0
bruise,v,使受瘀傷;碰傷(水果);挫傷(感情),0
bulge,v,膨脹;凸起;裝滿,0
bully,v,脅迫;欺侮,0
butcher,v,屠宰(牲口),0
cannon,v,開砲;砲轟,0
caution,v,警告;使小心,0
cellar,v,把...藏入地窖(或酒窖),0
certificate,v,發證書給;用證書批准,0
chant,v,反覆地唱(或說);吟誦,0
chatter,v,喋喋不休;吱吱叫,0
cite,v,引用;舉出;表揚,0
clasp,v,扣住;鉤住;緊抱;緊握,0
cling,v,黏著;依附;墨守,0
cluster,v,使成簇(或群);叢生,0
clutch,v,抓住;攫取,0
cocoon,v,緊緊包住;使(自己)孤立,0
coil,v,捲;盤繞;捲成圈,0
combat,v,戰鬥;搏鬥;反對,0
commission,v,"委任,委託",0
commute,v,減刑;通勤,0
compact,v,使緊密;壓緊;使簡潔,0
compass,v,"圖謀,計劃;包圍;達到;理解",0
compel,v,強迫;強求,0
compliment,v,讚美;恭維,0
compound,v,使惡化;使混合;使合成;以複利計算; 妥協,0
comprehend,v,理解;領會;包含,0
compromise,v,妥協;危及;洩露(祕密等),0
compute,v,計算;估算;推斷,0
computerize,v,使電腦化;用電腦處理,0
conceal,v,"隱蔽,隱藏",0
conceive,v,構想出;設想;懷孕,0
condemn,v,責備;譴責;判刑,0
conduct,v,"引導,帶領",0
confront,v,面臨;遭遇,0
consent,v,同意;贊成,0
conserve,v,保存;保護;節省,0
console,v,安慰;慰問,0
contaminate,v,弄髒;污染,0
contemplate,v,凝視;思忖;仔細考慮,0
contend,v,爭取;競爭;搏鬥;聲稱,0
convert,v,轉變;變換;改變信仰,0
convict,v,證明...有罪;判...有罪,0
copyright,v,為(書籍等)取得版權,0
corrupt,v,使腐敗;使墮落;賄賂,0
counsel,v,忠告;提議,0
crater,v,使成坑; 形成坑,0
creak,v,發出咯吱咯吱聲,0
crib,v,作弊;抄襲,0
crouch,v,蹲伏;彎腰,0
crunch,v,嘎吱作響地咬嚼(或踩、壓),0
curb,v,控制;遏止;勒住,0
curry,v,梳刷(馬等);鞣製;用咖喱燒,0
dart,v,投擲(標槍等);投射;狂奔,0
dazzle,v,使眼花;使驚羨,0
decay,v,腐朽;衰退,0
deceive,v,"欺騙,蒙蔽",0
delegate,v,委派...為代表,0
despair,v,"絕望,喪失信心",0
despise,v,鄙視,0
devour,v,狼吞虎嚥地吃;吞沒,0
discard,v,"拋棄,摒棄,丟棄",0
discriminate,v,歧視;區分出,0
dispense,v,分配;執行;配(藥),0
dispose,v,配置;處置,0
distress,v,使悲痛;使苦惱,0
document,v,用文件證明,0
drape,v,(用布等鬆軟地)覆蓋;垂掛,0
dwarf,v,使顯得矮小;阻礙生長,0
dwell,v,居住;存在於;思索,0
eclipse,v,蝕;遮蔽;使失色;投下陰影,0
elaborate,v,精心製作,0
elevate,v,提高;振奮;升職,0
embrace,v,擁抱;包含;抓住(機會等),0
endeavor,v,努力;力圖,0
enroll,v,"把...記入名冊,登記",0
ensure,v,保證;擔保,0
entitle,v,給...權力(或資格),0
equate,v,用符號表示某種關係;等同,0
erect,v,"使豎立,使豎直",0
erupt,v,噴出;爆發,0
escort,v,護送;為...護航;陪同,0
esteem,v,尊重;評價,0
exceed,v,超過;勝過,0
excel,v,勝過;突出,0
exclaim,v,呼喊;驚叫,0
exclude,v,拒絕接納;排除在外,0
execute,v,實施;執行;處死,0
exile,v,流放;放逐,0
falter,v,踉蹌;搖晃;結巴地說話,0
fascinate,v,"迷住,使神魂顛倒",0
fatigue,v,使疲勞,0
fiddle,v,拉提琴;胡來;騙取,0
filter,v,過濾;滲透,0
flake,v,使成薄片;像雪花般覆蓋,0
flap,v,(上下或前後)拍動;(鳥)振(翅),0
flaw,v,使破裂;使有缺陷,0
flick,v,疾飛;掠過,0
flip,v,(為作出決定而)擲(硬幣);輕拋,0
flourish,v,茂盛;繁茂;興旺,0
format,v,編排或安排成某種形式,0
foul,v,污染;玷污;犯規;塞住,0
freight,v,裝貨於;運輸(貨物),0
fume,v,冒煙;薰;發怒,0
fuse,v,把保險絲接入(電路);熔接;裝引信,0
fuss,v,忙亂;小題大作;爭辯,0
gallop,v,(馬等)疾馳;飛跑,0
gasp,v,倒抽一口氣;喘氣,0
glare,v,怒目注視;眩目地照射,0
gleam,v,發微光;閃現,0
glitter,v,閃爍;光彩奪目,0
gloom,v,變陰暗;感到沮喪,0
gnaw,v,啃;嚙;折磨,0
gobble,v,狼吞虎嚥;(火雞)咯咯地叫,0
gorge,v,塞飽;狼吞虎嚥地吃,0
grant,v,"同意,准予",0
graze,v,吃草;放牧;擦傷,0
grease,v,塗油脂於;賄賂,0
grip,v,握牢;(咬或夾)牢;掌握,0
groan,v,呻吟;抱怨,0
gross,v,獲得...總收入(或毛利),0
growl,v,(狗等)嗥叫;(人)咆哮,0
grumble,v,發牢騷;咕噥;發轟隆聲,0
gulp,v,狼吞虎嚥;大口地吸(氣);哽住,0
gust,v,吹強風,0
gut,v,取出內臟;損毀(房屋等)的內部,0
handicap,v,"妨礙,使不利",0
harness,v,上挽具;套(馬);駕馭,0
haul,v,拖;拉;拖運,0
haunt,v,(鬼魂等)常出沒於;縈繞;常去,0
hedge,v,用樹籬圍住;兩面下注,0
heed,v,留心;注意,0
heighten,v,加高;增高;增加,0
herald,v,宣佈;通報;預示...的來臨,0
hijack,v,劫持,0
hiss,v,發出嘶嘶聲;發出噓聲,0
honk,v,發雁鳴;按喇叭,0
hood,v,罩上兜帽(或風帽);加罩於,0
hound,v,(用獵狗等)追獵;緊追,0
hover,v,盤旋;徘徊,0
howl,v,嗥叫;怒吼;大哭;大笑,0
hurl,v,猛力投擲;發射;厲聲叫罵,0
hymn,v,唱聖歌;唱讚美詩,0
impose,v,徵(稅);加(負擔等)於,0
incense,v,激怒;敬香,0
index,v,編索引,0
induce,v,導致;誘導;歸納出,0
indulge,v,沈迷於;滿足(慾望等);縱容,0
inherit,v,"繼承(傳統,遺產等)",0
initiate,v,創始;初學;(通過儀式)接納新成員,0
inquire,v,訊問;查問;調查,0
institute,v,創立;設立;開始,0
insure,v,投保;確保,0
issue,v,發行;發佈,0
jack,v,用千斤頂托起,0
jaywalk,v,不守交通規則橫穿馬路,0
jeer,v,嘲笑;嘲弄,0
jingle,v,發出叮噹聲,0
jolly,v,用好話勸(某人)做...;開玩笑,0
jug,v,(用罐)煮;燉;監禁,0
justify,v,證明...是正當的;辯解,0
kindle,v,點燃;煽動;照亮,0
lame,v,使跛腳;使...變得無力,0
layer,v,把...堆積成層,0
league,v,使結盟;使聯合,0
lessen,v,變小;變少;減輕,0
lime,v,撒石灰於,0
limp,v,跛行,0
linger,v,繼續逗留;持續;磨蹭,0
lodge,v,租房間給...住;申訴;暫住;投宿,0
lumber,v,伐木;(英國)拖累,0
lump,v,弄成一團;歸併到一起,0
magnify,v,放大;擴大;誇張,0
manifest,v,表明;顯示,0
marvel,v,感到驚訝;感到好奇,0
mash,v,把...搗成糊狀;壓碎,0
massage,v,給...按摩(或推拿),0
mediate,v,調停解決;傳達,0
menace,v,威脅;恐嚇,0
mingle,v,使混合;使相混;交往,0
moan,v,呻吟;嗚咽;悲歎,0
mock,v,嘲弄;(為取笑而)模仿,0
modernize,v,使現代化,0
modify,v,更改;修改,0
moss,v,以苔覆蓋;使長滿苔蘚,0
mound,v,築牆防衛;堆起; 積成堆,0
mount,v,登上;騎上;鑲嵌;發動(攻勢),0
mourn,v,哀痛;哀悼,0
mumble,v,含糊地說;咕噥,0
mutter,v,咕噥;抱怨,0
nag,v,使煩惱;糾纏不休;不斷嘮叨,0
navigate,v,航行於;飛行於;操縱;導航,0
nibble,v,一點點地咬(或吃),0
nickel,v,鍍鎳於,0
nominate,v,提名;任命,0
notify,v,通知;公佈,0
orient,v,使...朝東;定方位;使熟悉情況,0
ornament,v,裝飾;美化,0
outdo,v,勝過;超越,0
output,v,生產;使出;輸出,0
overdo,v,把...做得過分;使過於疲勞,0
overeat,v,吃得過飽,0
overflow,v,滿(或多)得溢出,0
overhear,v,無意中聽到;偷聽,0
oversleep,v,睡過頭,0
overwhelm,v,壓倒;征服;使受不了,0
overwork,v,使工作過度;使過勞;過度使用,0
paddle,v,用槳划(船),0
parallel,v,與...平行;比得上,0
patch,v,補綴;修補;拼湊,0
patent,v,取得...的專利權,0
patrol,v,巡邏;巡查,0
peck,v,琢;輕吻,0
peek,v,偷看;窺視,0
peg,v,用木釘釘;用木夾夾,0
penetrate,v,穿過;透過;識破;滲透入,0
perceive,v,察覺;感知;意識到,0
perch,v,(鳥)飛落;棲息;(在較高處)暫歇,0
peril,v,使有危險;危及,0
perish,v,消滅;暴卒;枯萎,0
persist,v,堅持;固執,0
pinch,v,擰;夾,0
piss,v,小便,0
pistol,v,用手槍射擊,0
plead,v,為(案件)辯護;懇求,0
pledge,v,保證給予;許諾;發誓,0
plow,v,犁;耕;開(路);破(浪)前進,0
pluck,v,採;拔...的毛;扯,0
plunge,v,投入;將...插入;急降,0
poke,v,戳;捅;撥弄,0
preach,v,佈道;說教,0
prevail,v,勝過;優勝;流行,0
preview,v,試演;試映,0
prey,v,捕食;掠奪,0
prick,v,刺(穿);扎(穿);使內心極度痛苦,0
profile,v,畫側面像;描出輪廓;寫傳略,0
prolong,v,延長;拉長;拖延,0
prop,v,支撐;維持;架;擱,0
proportion,v,使成比例;使平衡;分攤,0
prospect,v,勘探;找礦,0
prune,v,修剪;修整;修枝,0
publicize,v,宣傳;公佈;廣告,0
puff,v,一陣陣地吹;喘氣;用粉撲施粉,0
pulse,v,搏動;跳動;振動,0
purchase,v,"買,購買",0
quack,v,(鴨)呱呱叫,0
qualify,v,使具有資格,0
quiver,v,顫抖;抖動(翅膀等),0
rack,v,把...放在架子上,0
rally,v,召集;團結;重新振作,0
ranch,v,經營牧場(或農場),0
rattle,v,使發出咯咯聲;使驚惶失措,0
reap,v,收割;收穫,0
reckon,v,認為;把...看作;覺得;測量,0
recommend,v,"推薦,介紹",0
reel,v,捲;繞,0
referee,v,為...擔任裁判;仲裁,0
refute,v,駁斥;反駁,0
reign,v,君臨;統治,0
rejoice,v,欣喜;慶祝,0
repay,v,償還;報答,0
reproduce,v,繁殖;複製,0
resent,v,憤慨;怨恨,0
reside,v,居住;駐在,0
resort,v,訴諸;憑藉,0
restrain,v,抑制;約束,0
resume,v,重新開始;繼續;恢復,0
retort,v,反駁;回嘴,0
reverse,v,翻轉;倒退;反向,0
revive,v,復甦;恢復生機;使甦醒,0
revolt,v,反叛;起義;使反感,0
revolve,v,旋轉;自轉;以...為中心,0
rib,v,裝肋於;嘲弄,0
ridge,v,使成脊狀,0
rifle,v,"洗劫,劫掠",0
rim,v,形成邊緣;顯出邊緣,0
rip,v,撕;扯,0
ripple,v,起漣漪;(頭髮等)呈波狀,0
rival,v,與...競爭;比得上,0
roam,v,漫步;漫遊;流浪,0
rumble,v,(雷等)隆隆響;(車輛)轆轆行駛,0
rustle,v,(樹葉;紙等)沙沙作響;使沙沙作響,0
saddle,v,給(馬背)裝鞍;使負擔,0
saint,v,使成為聖徒,0
salute,v,向...行禮;向...致敬,0
savage,v,兇猛地攻擊;激烈抨擊,0
scan,v,細看;審視,0
scar,v,結疤;留下傷痕,0
scent,v,嗅;聞,0
scheme,v,"策劃,密謀",0
scorn,v,輕蔑;藐視,0
scramble,v,攀爬;雜亂蔓延;爭奪,0
scrap,v,將...作為廢物;將...拆毀,0
scrape,v,刮;擦;勉強過日子,0
scroll,v,使成卷形;用渦卷飾裝飾,0
secure,v,把...弄牢;關緊,0
segment,v,分割;切成片,0
sharpen,v,"削尖,磨快",0
shatter,v,粉碎;砸碎,0
shield,v,保護;庇護;掩蓋,0
shiver,v,發抖;打顫,0
shove,v,推;撞;亂塞,0
shred,v,切成條狀;用碎紙機撕毀(文件),0
shriek,v,尖叫;發出尖聲,0
shudder,v,發抖;戰慄,0
shutter,v,為...裝遮板(或快門等);關(店),0
simmer,v,煨;燉;(危機等)即將爆發,0
slam,v,猛地關上;砰地放下;打成滿貫,0
slap,v,摑...耳光;侮辱,0
slaughter,v,屠宰;屠殺,0
slay,v,殺死;殺害,0
slump,v,(沈重地)倒下;(經濟)衰落,0
smash,v,粉碎;瓦解;殺球,0
snarl,v,吠;咆哮;纏結,0
snatch,v,奪走;抓住,0
sneak,v,"偷偷地走,溜",0
sniff,v,嗅;用力吸;抽鼻涕,0
snore,v,打鼾,0
snort,v,噴鼻息;輕蔑(或憤怒)地哼,0
soak,v,浸泡;使濕透,0
sober,v,使醒酒;使清醒;變得嚴肅,0
soften,v,使變柔軟;使變和藹,0
sole,v,給(鞋等)裝底(或換底),0
solo,v,單獨地; 單獨表演;單飛,0
sow,v,播(種),0
sponge,v,(用海綿)揩拭;海綿般地吸收,0
spotlight,v,聚光照明;使公眾注意,0
sprint,v,奮力而跑;衝刺,0
spur,v,用靴刺踢;鞭策;鼓勵,0
squash,v,把...壓扁(壓碎);鎮壓,0
squat,v,蹲坐;蜷伏,0
stack,v,把...疊成堆;堆放,0
stagger,v,搖搖晃晃;蹣跚而行,0
stain,v,沾污;染污;染色,0
stake,v,"把...押下打賭,拿...冒險",0
stall,v,把...關入畜舍;使拋錨;支吾;拖延,0
startle,v,使驚嚇;使驚奇,0
steer,v,"掌(船)舵,駕駛",0
stereotype,v,使成為陳規;把...澆鑄成鉛板,0
stew,v,(用文火)燉;使極度不安;悶熱冒汗,0
stink,v,發惡臭;名聲臭,0
stoop,v,屈身;彎腰駝背;屈尊,0
straighten,v,把...弄直;澄清,0
strain,v,拉緊;伸張;竭力;扭傷;過濾,0
strand,v,使擱淺;處於困境,0
strap,v,用帶捆綁(或束住),0
stray,v,迷路;流浪;分心;入歧途,0
streak,v,形成條紋;疾駛;閃現,0
stride,v,邁大步走;跨越,0
stroll,v,散步;溜達,0
stumble,v,絆腳;絆倒;踉蹌,0
stump,v,砍去...的幹;作巡迴政治演說,0
stun,v,使昏迷;使大吃一驚,0
stutter,v,結結巴巴地說話,0
submit,v,提交;呈遞;使服從,0
substitute,v,用...代替;代替,0
summon,v,召喚,0
supervise,v,監督;管理;指導,0
suppress,v,鎮壓;壓制;抑制,0
surge,v,(海浪)洶湧;激增,0
suspend,v,使中止,0
sustain,v,支撐;承受,0
swamp,v,使陷入沼澤;淹沒;使陷入困境,0
swarm,v,成群地移動(或飛行);擠滿,0
sympathize,v,同情;憐憫,0
tackle,v,著手對付(或處理);擒抱並摔倒,0
tan,v,曬成棕褐色;鞣(皮),0
tangle,v,使糾結;使混亂,0
tar,v,塗焦油於;玷污;污辱,0
taunt,v,辱罵;嘲笑;奚落,0
tempt,v,引誘;誘惑,0
tenant,v,"租,租賃;居住於",0
terrace,v,使成梯形地,0
thrill,v,使興奮;使激動;使毛骨悚然;顫抖,0
throng,v,擠滿;湧入,0
thrust,v,用力推;刺;插,0
tick,v,發滴答聲;責備,0
tile,v,鋪砌瓦(或瓷磚等),0
tilt,v,使傾斜;使翹起;偏向,0
tin,v,把...裝罐,0
tiptoe,v,踮著腳,0
toil,v,苦幹;艱難地行進,0
torch,v,如火炬般地燃燒,0
torment,v,使痛苦;折磨;煩擾,0
torture,v,拷打;拷問;折磨,0
tramp,v,腳步沈重地行走;踐踏;流浪,0
trample,v,踩;踐踏;蔑視,0
trench,v,挖溝;挖戰壕,0
trifle,v,戲弄;輕視,0
trim,v,修剪;修整;整理;削減,0
triple,v,使成三倍;三倍於,0
trot,v,(馬等)小跑;(人)慢跑,0
tuck,v,把...塞進;使有褶襉,0
umpire,v,仲裁;當裁判,0
underline,v,劃線於...之下;強調,0
update,v,使...合乎時代;更新,0
utter,v,發出(聲音等);說;講,0
vacuum,v,吸塵,0
veil,v,用帷幕分隔;掩飾;戴面紗,0
venture,v,冒險;大膽行事,0
veto,v,否決;反對,0
vibrate,v,顫動;振動;震動,0
videotape,v,將(節目)錄到帶子上,0
vow,v,發誓要;鄭重宣告,0
wade,v,涉水而行;艱難地前進,0
wail,v,慟哭;(警笛等)尖嘯;哀訴,0
ward,v,避開;擋開,0
warehouse,v,把...存入倉庫,0
weary,v,使疲倦;使厭煩,0
wharf,v,靠碼頭,0
whine,v,發哀鳴聲;發牢騷,0
whirl,v,旋轉;迴旋,0
whisk,v,撢;打(蛋等); 迅速移動,0
wholesale,v,以批發方式,0
widow,v,使成寡婦(或鰥夫),0
wither,v,枯萎;凋謝,0
worship,v,崇拜;拜神;做禮拜,0
wring,v,絞;擰;緊握,0
yacht,v,駕快艇;乘遊艇,0
yarn,v,講故事;長談,0
yield,v,出產;使屈服;讓路,0
zip,v,以尖嘯聲行進;拉開拉鍊,0
zoom,v,發出嗡嗡聲;將畫面推近或拉遠,0
astray,adv,迷路;離開正道,0
awhile,adv,片刻,0
barefoot,adv,赤著腳地,0
beforehand,adv,事先;提前地,0
bodily,adv,親身地;以肉體形式;整體地,0
clockwise,adv,順時針方向地;右旋地,0
counterclockwise,adv,逆時針方向地,0
downward,adv,向下;日趨沒落地;(時間)往後推移地,0
downwards,adv,向下,0
foul,adv,違反規則地;不正當地,0
hence,adv,因此;由此,0
inland,adv,向內地;向內陸,0
inward,adv,向內;向中心,0
inwards,adv,向內,0
jolly,adv,"非常,很",0
meantime,adv,其間;同時,0
nonetheless,adv,但是;仍然,0
nowhere,adv,任何地方都不,0
outward,adv,"向外;出海,出港",0
outwards,adv,"向外;出海,出港;顯而易見地",0
overall,adv,總的來說;大體上,0
partly,adv,部分地,0
prior,adv,在前;居先,0
slap,adv,砰地;猛然地,0
solo,adv,單獨地,0
tiptoe,adv,踮著腳,0
underneath,adv,在下面;在底下,0
undoubtedly,adv,毫無疑問地;肯定地,0
upright,adv,挺直地;垂直地;豎著,0
upward,adv,向上;在上面;以上;超過,0
upwards,adv,"向上地,朝上",0
whereabouts,adv,在哪裡,0
wholesale,adv,以批發方式;全部地,0
midst,prep,在...之中,0
underneath,prep,在...下面,0
versus,prep,(常略作v.或vs.)與...相對,0
via,prep,經由;取道;憑藉,0
lest,conj,惟恐;免得;擔心,0
whereas,conj,(常用在句首)反之;而,0
abortion,n,墮胎,0
academy,n,學院;大學;研究院,0
ace,n,(紙牌)A;么點牌;專家;發球得分,0
acknowledgement,n,承認;確認;致謝;回音;公證狀,0
acne,n,粉刺,0
admiral,n,艦隊司令; 海軍上將,0
adolescence,n,青春期,0
adolescent,n,青少年,0
adulthood,n,成年(期),0
advertiser,n,刊登廣告者;廣告客戶,0
affection,n,愛慕;鍾愛,0
agenda,n,議程,0
agony,n,極度痛苦,0
AI,n,人工智慧 (artificial intelligence),0
airway,n,風道;氣道;航空公司,0
aisle,n,通道;走道,0
algebra,n,代數,0
alien,n,外國人;外星人,0
allergy,n,過敏症,0
alligator,n,短吻鱷,0
ally,n,同盟國;同盟者,0
alternate,n,代替者;候補者,0
altitude,n,高度;海拔,0
anchor,n,錨;靠山;電視新聞節目主持人,0
anthem,n,國歌;頌歌,0
antique,n,古物;古董;古風,0
applause,n,"鼓掌歡迎,喝采",0
architect,n,建築師,0
architecture,n,建築學,0
arena,n,體育場;競技場,0
armor,n,盔甲;裝甲;(動、植物)保護層,0
ass,n,驢子;笨蛋;太自負的人,0
assault,n,暴行;攻擊;抨擊;施暴,0
asset,n,"財產,資產",0
astonishment,n,驚訝;驚愕,0
astronaut,n,"太空人,宇航員",0
astronomer,n,天文學家,0
astronomy,n,天文學,0
attendance,n,出席;出席人數;侍候,0
auditorium,n,會堂;禮堂,0
auxiliary,n,輔助者;助動詞,0
awe,n,敬畏;畏怯,0
bachelor,n,單身漢,0
backbone,n,脊柱;支柱;骨幹,0
badge,n,徽章;證章,0
ballot,n,選票;候選人名單,0
ban,n,禁止;禁令,0
bandit,n,強盜;土匪,0
banner,n,旗幟;橫幅;大標題,0
banquet,n,盛宴,0
barbarian,n,野蠻人,0
barbershop,n,理髮店,0
bass,n,男低音;低音樂器;鱸魚,0
batch,n,一批;一群;一爐;一團,0
batter,n,打擊手;糊狀物,0
bazaar,n,(中東的)市場;商店街;義賣,0
behalf,n,代表,0
belongings,n,財產;攜帶物品,0
beloved,n,心愛的人,0
bid,n,出價,0
blacksmith,n,鐵匠,0
blast,n,(一陣)疾風;突然吹奏;爆破,0
blaze,n,火焰;火災;光輝;掃射,0
bleach,n,漂白;漂白劑,0
blizzard,n,大風雪,0
blond,n,白膚金髮碧眼的人,0
blonde,n,白膚金髮碧眼的女人,0
blot,n,墨水漬;污漬;污點,0
blues,n,藍調;憂鬱,0
blur,n,模糊;模糊不清的事物,0
bodyguard,n,保鏢;護衛隊,0
bog,n,沼澤;泥塘,0
bolt,n,門栓;螺栓;電光;衝撞,0
bonus,n,獎金;額外津貼;分紅,0
boom,n,隆隆聲;景氣;激增;暴漲,0
booth,n,(有篷的)貨攤;崗亭;(餐廳等)雅座,0
boredom,n,無聊;厭倦,0
bosom,n,胸;乳房;(衣服的)襟;胸懷,0
botany,n,植物學;(總稱)一個地區的植物,0
boulevard,n,林蔭大道;大馬路,0
bound,n,跳躍;領域;界限,0
boundary,n,邊界;分界線;界限,0
bowel,n,腸;內部;深處,0
boxer,n,拳擊手;拳師;拳師狗,0
boxing,n,拳擊;拳術;裝箱,0
boyhood,n,(男姓的)童年,0
brace,n,支柱;大括號;(牙齒)矯正器,0
braid,n,髮辮;穗帶,0
breadth,n,寬度;幅度;寬宏,0
bribe,n,賄賂,0
briefcase,n,公事包,0
bronze,n,青銅;青銅製品;古銅色,0
brooch,n,女用胸針(或領針),0
brood,n,一窩孵出的雛鳥;一家的孩子們,0
broth,n,(用肉、蔬菜等煮成的)湯,0
brotherhood,n,兄弟關係;同志關係,0
browse,n,瀏覽,0
bruise,n,青腫;(水果等)碰傷;挫傷,0
bulge,n,腫脹;凸塊;增長,0
bulk,n,體積;容積;大塊;大多數,0
bully,n,恃強欺弱者;惡霸,0
bureau,n,事務處,0
butcher,n,肉販,0
cactus,n,仙人掌,0
calf,n,小牛;(鯨、象等的)幼兒;小腿,0
calligraphy,n,書法;筆跡,0
canal,n,運河;河渠,0
cannon,n,大砲;榴彈砲,0
carbon,n,碳;複寫紙,0
cardboard,n,硬紙板;卡紙板,0
caretaker,n,照顧者;管理人,0
carnation,n,康乃馨;淡紅色,0
carnival,n,狂歡節;嘉年華會,0
carp,n,鯉魚,0
carton,n,紙盒;紙板箱,0
category,n,種類;類別,0
cathedral,n,大教堂,0
caution,n,小心;謹慎;警告,0
celebrity,n,名人;名流,0
celery,n,芹菜,0
cellar,n,地下室;地窖;酒窖,0
cello,n,大提琴,0
cellphone,n,"手機,大哥大",0
cell-phone,n,"手機,大哥大",0
cellular phone,n,"手機,大哥大",0
Centigrade,n,攝氏度,0
ceremony,n,"儀式,典禮",0
certificate,n,證明書;執照,0
chair,n,椅子,0
chairman,n,主席,0
chairperson,n,主席(沒有性別歧視的字眼),0
chairwoman,n,女主席;女議長,0
chant,n,詠唱;吟誦;單調的語調,0
chatter,n,嘮叨;饒舌;吱吱聲,0
checkbook,n,支票簿,0
check-in,n,辦理投宿(或登機)手續;報到,0
check-out,n,檢查;調查;付款退租;下班離開,0
checkup,n,檢查;體檢,0
chef,n,(餐館等的)主廚;大師傅,0
chemist,n,化學家,0
chestnut,n,栗子;栗樹;栗色,0
chili,n,紅番椒,0
chimpanzee,n,黑猩猩,0
choir,n,(教堂的)唱詩班;合唱團,0
chord,n,(樂器的)弦;心弦;弦桿;和音,0
circuit,n,環道;一圈;巡迴路線;電路,0
clam,n,蛤;蚌;守口如瓶的人,0
clan,n,氏族;部落;家族,0
clasp,n,扣子;鉤子;夾子;緊握;緊抱,0
clause,n,(文件的)條款;子句,0
clover,n,苜蓿,0
cluster,n,串;簇;群,0
clutch,n,爪子;手;掌握;攫取;離合器,0
coastline,n,海岸線,0
cocoon,n,繭,0
coil,n,(一)捲;(一)圈;(一)匝;線圈,0
colleague,n,"同事,同僚",0
colonel,n,陸軍上校,0
colonial,n,殖民地居民,0
combat,n,戰鬥;格鬥;反對,0
comedian,n,喜劇演員,0
comet,n,彗星,0
commentator,n,(電臺、電視臺等)時事評論者,0
commission,n,佣金,0
commodity,n,商品;日用品,0
commonplace,n,司空見慣的事;老生常談,0
communism,n,共產主義,0
communist,n,共產主義者,0
commuter,n,通勤者,0
compact,n,連鏡小粉盒;小型轎車,0
compass,n,羅盤;指南針;圓規,0
compassion,n,憐憫;同情,0
compliment,n,恭維;問候;致意,0
compound,n,混合物,0
comprehension,n,理解;理解力,0
compromise,n,妥協;危及;(原則等的)放棄,0
comrade,n,夥伴;同事;(共產黨的)同志,0
conduct,n,"行為,品行,舉動",0
confession,n,承認;供認;告解,0
consent,n,同意;贊成,0
conserve,n,"糖漬食品,蜜餞;果醬",0
console,n,操縱臺,0
constitutional,n,保健散步;保健運動,0
contemporary,n,同時代的人;同年齡的人;同時期的東西,0
contempt,n,輕視;(對法庭等的)藐視,0
continuity,n,連續性;一貫性,0
convict,n,(服刑的)囚犯,0
copyright,n,版權;著作權,0
coral,n,珊瑚,0
corporation,n,股份(有限)公司,0
correspondence,n,一致;相對應;通信;(總稱)信件,0
corridor,n,"迴廊,通道",0
counsel,n,商議;忠告;法律顧問,0
counselor,n,顧問;(學生的)輔導員;律師,0
coupon,n,回數票;減價優待券,0
courtyard,n,庭院;天井,0
cracker,n,(淡或鹹的)薄脆餅乾;鞭炮,0
crater,n,火山口;巨大坑洞,0
creak,n,咯吱咯吱聲,0
creek,n,小河;溪,0
crib,n,嬰兒床,0
crocodile,n,鱷魚,0
crossing,n,"交叉;交叉點,橫穿;雜交",0
crouch,n,蹲伏(姿勢),0
crunch,n,嘎吱吱(咬嚼)聲音;關鍵時刻,0
crystal,n,水晶,0
cuisine,n,烹飪(法);菜餚,0
curb,n,人行道旁的水泥(或石)邊;抑制,0
currency,n,通貨;貨幣,0
curriculum,n,學校的全部課程,0
curry,n,咖喱,0
customs,n,關稅;報關手續;海關出入境口,0
dart,n,標槍;鏢;飛奔,0
dazzle,n,耀眼的光;令人讚歎的東西,0
decay,n,腐爛;蛀牙,0
declaration,n,"宣佈,宣告;宣言,聲明",0
delegate,n,代表;會議代表,0
delegation,n,授權;代表團,0
democrat,n,民主主義者,0
denial,n,否認;拒絕,0
despair,n,絕望,0
destination,n,"目的地,終點",0
destiny,n,命運;天數,0
detergent,n,"洗潔劑,洗衣粉",0
devotion,n,奉獻,0
dialect,n,方言,0
disbelief,n,不信;懷疑,0
discard,n,"拋棄,丟棄",0
disciple,n,信徒;門徒,0
distinction,n,區別;殊勳;榮譽,0
distress,n,悲痛;苦惱,0
document,n,文件;證件,0
doorstep,n,門階,0
doorway,n,出入口;門口,0
dormitory,n,學生宿舍,0
dough,n,生麵糰;現款,0
drape,n,簾(尤指窗簾);幔,0
dresser,n,衣櫃,0
dressing,n,"打扮;佈置,裝飾;(拌沙拉等用的)調料",0
driveway,n,車道,0
duration,n,"持續,持久",0
dusk,n,"薄暮,黃昏",0
dwarf,n,矮子;矮小的動(植)物,0
dwelling,n,住處;寓所,0
eclipse,n,蝕;被遮蔽;黯然失色,0
eel,n,鰻魚,0
ego,n,自我;自負,0
embrace,n,擁抱,0
endeavor,n,努力;盡力,0
enrollment,n,登記;入會;入伍;登記人數,0
enterprise,n,"企業,公司",0
escort,n,護衛隊;護航隊;護送;護航,0
estate,n,地產,0
esteem,n,尊重;評價,0
ethic,n,倫理標準,0
evergreen,n,常綠樹;萬年青,0
exaggeration,n,誇張,0
excess,n,超越;過量,0
executive,n,執行者;業務主管,0
exile,n,流放;流亡;被流放者,0
extension,n,伸長;擴大;延期,0
exterior,n,外部;外表;外景,0
external,n,外表;表面,0
eyelash,n,(一根)睫毛;(一根)眼毛,0
eyelid,n,眼皮;眼瞼,0
fabric,n,布料;織品,0
fad,n,一時的流行(或風尚),0
Fahrenheit,n,華氏溫標,0
fatigue,n,疲勞;勞累,0
feminine,n,女性;陰性;陰性詞(或形式),0
fertilizer,n,肥料,0
fiancé,n,未婚夫,0
fiancée,n,未婚妻,0
fiber,n,纖維,0
fiddle,n,小提琴;欺詐,0
filter,n,濾器,0
fin,n,鰭;鰭狀物,0
fishery,n,漁業,0
flake,n,小薄片,0
flap,n,薄片;(信封的)蓋口;拍動,0
flaw,n,缺點;瑕疵;裂隙,0
flick,n,(鞭子的)輕打;(手指的)輕彈,0
flip,n,輕彈;輕擊,0
flourish,n,揮舞;炫耀性的動作,0
fluency,n,流暢;流暢的說話(或寫作),0
foe,n,敵人;反對者,0
foil,n,箔;花劍劍術,0
folklore,n,民間傳說,0
format,n,版式;形式,0
foul,n,(比賽中)犯規,0
fowl,n,禽;禽肉,0
fraction,n,小部分;片段;碎片,0
framework,n,架構;組織,0
freight,n,(船運的)貨物;運費,0
frontier,n,邊境;邊疆;新領域,0
fume,n,煙;氣;憤怒,0
fury,n,狂怒;狂暴;猛烈,0
fuse,n,保險絲;引信,0
fuss,n,忙亂;小題大作;爭論,0
gallop,n,(馬等的)疾馳;騎馬奔馳,0
garment,n,服裝;衣著,0
gasp,n,倒抽一口氣;喘氣,0
gathering,n,"集會,聚集",0
gay,n,同性戀者,0
gender,n,性別,0
geometry,n,幾何學,0
glacier,n,冰河,0
glare,n,瞪眼;怒視;刺眼的強光,0
gleam,n,微光;閃光;一絲,0
glee,n,快樂;歡欣,0
glitter,n,閃光;光彩;(裝飾用)小發光物,0
gloom,n,陰暗;暗處;沮喪的氣氛,0
gorge,n,峽谷;暴食,0
gorilla,n,大猩猩,0
gospel,n,基督教教義;福音書,0
grant,n,"獎學金,助學金",0
gravity,n,地心吸力,0
grease,n,油脂;賄賂,0
greed,n,貪心,0
grip,n,緊握;(咬或夾)住;理解;掌握,0
groan,n,呻吟聲;抱怨(聲),0
gross,n,總額;總量,0
growl,n,嗥叫(聲);咆哮,0
grumble,n,牢騷;轟隆聲,0
guideline,n,指南;指導方針,0
gulp,n,吞嚥;一(大)口;哽塞(聲),0
gust,n,一陣強風,0
gut,n,腸子;內臟;勇氣,0
gypsy,n,吉普賽人;流浪者,0
hairdo,n,"髮式,髮型; 做頭髮",0
hairstyle,n,髮型,0
handicap,n,"障礙,不利條件",0
handicraft,n,手工藝;手工藝品,0
harness,n,馬具;挽具;保險帶,0
haul,n,拖;拉;拖運;一次獲得的量,0
haunt,n,常去之處,0
hedge,n,樹籬;界限;兩面下注,0
heed,n,留心;注意,0
heir,n,繼承人;嗣子,0
herald,n,報信者;使者;先驅,0
herb,n,草本植物;藥草,0
hermit,n,隱士,0
heroic,n,(常用 heroics ) 英雄辭令;豪壯行為,0
heterosexual,n,異性戀的人,0
hi-fi,n,高傳真的音響裝置,0
hijack,n,劫持事件,0
hiss,n,嘶嘶聲;噓聲,0
hockey,n,曲棍球,0
homosexual,n,同性戀者,0
honk,n,雁鳴或汽車喇叭聲,0
hood,n,兜帽;風帽;罩;車蓋,0
hoof,n,蹄,0
horizontal,n,水平線;水平面;水平位置,0
hostage,n,人質;抵押品,0
hound,n,獵犬;卑劣的人,0
housing,n,"房屋,住宅",0
hover,n,盤旋;徘徊,0
howl,n,嗥叫;怒吼;大哭;大笑,0
hurl,n,猛力投擲,0
hymn,n,讚美詩;聖歌,0
idiot,n,白癡;笨蛋,0
impulse,n,衝動;推動力,0
incense,n,香,0
index,n,索引;標誌;指示符號,0
indifference,n,漠不關心;無關緊要,0
initiate,n,初學者;新加入者,0
inland,n,"內地,內陸",0
institute,n,"(專科性的)學校,大學;研究所",0
intent,n,意圖;目的,0
interference,n,"干涉,干預;擾亂",0
interior,n,內部;內地,0
interpretation,n,解釋;闡明,0
interpreter,n,通譯員,0
intuition,n,直覺,0
isle,n,小島,0
issue,n,問題;爭論;發行(物),0
ivy,n,常春藤,0
jack,n,"千斤頂;(紙牌中的)""J""牌,杰克;水手",0
jade,n,玉;玉製品;綠玉色,0
janitor,n,清潔工;管理員;看門人,0
jasmine,n,茉莉;淡黃色,0
jeer,n,嘲笑;奚落人的話,0
jingle,n,(鈴、硬幣等金屬的)叮噹聲,0
jolly,n,快活 (常用 jollies),0
journalism,n,新聞業;新聞學,0
journalist,n,新聞工作者,0
jug,n,水罐;甕;壺;監牢,0
jury,n,陪審團,0
juvenile,n,青少年;幼體;兒童讀物,0
kin,n,家族;同類,0
lad,n,男孩;小伙子,0
landlady,n,女房東,0
landlord,n,房東,0
laser,n,雷射,0
lash,n,鞭打;(風浪等的)猛烈打擊;斥責,0
latitude,n,緯度;,0
lawmaker,n,立法者,0
layer,n,層;階層;地層,0
league,n,"同盟,聯盟",0
legislation,n,立法;法規,0
lieutenant,n,中尉(或少尉);助理官,0
likelihood,n,可能;可能性,0
lime,n,石灰;酸橙,0
limp,n,跛行,0
livestock,n,(總稱)家畜,0
lizard,n,蜥蜴,0
locomotive,n,火車頭,0
locust,n,蝗蟲,0
lodge,n,木屋;小旅舍;守衛室,0
logo,n,商標,0
longitude,n,經度,0
lottery,n,獎券;彩票;抽籤;運氣,0
lotus,n,蓮花,0
lumber,n,木材;木料,0
lump,n,團;塊;腫塊;小方塊,0
maiden,n,少女;處女,0
mainland,n,大陸,0
mainstream,n,(河的)主流;主要傾向,0
maintenance,n,維持;維修;保養,0
majesty,n,雄偉;壯麗;(帝王的)威嚴,0
mammal,n,哺乳動物,0
mansion,n,"大廈,大樓",0
maple,n,槭樹;楓樹,0
marine,n,船舶;海運業;海軍陸戰隊隊員,0
marshal,n,元帥;高級將官;典禮官,0
marvel,n,令人驚奇的事物(或人物),0
masculine,n,男性;陽性;陽性詞,0
mash,n,糊狀物;混合飼料,0
massage,n,按摩(術);推拿,0
masterpiece,n,"傑作,名作",0
mayonnaise,n,蛋黃醬;美乃滋,0
meantime,n,"其時,其間",0
mechanics,n,力學;機械學;技術;技巧,0
menace,n,恐嚇;具有危害性的人(或物),0
mermaid,n,美人魚,0
midst,n,當中;中間,0
migrant,n,移民;候鳥,0
mileage,n,總英里數;(每單位燃料的)行駛哩數,0
milestone,n,里程碑;劃時代的事件,0
mint,n,薄荷;薄荷糖;造幣廠,0
miser,n,吝嗇鬼;守財奴,0
mistress,n,"女主人,主婦",0
moan,n,呻吟聲;嗚咽聲;悲歎,0
mock,n,嘲弄;笑柄;仿製品;模擬考,0
mode,n,方式;型;模式,0
molecule,n,分子;微小顆粒,0
monarch,n,君主,0
mortal,n,人;凡人,0
moss,n,苔蘚;泥炭沼澤,0
motherhood,n,母性;(總稱)母親們,0
motive,n,動機;主旨,0
mound,n,土墩;墳堆;小丘;投手的踏板,0
mount,n,騎;可乘騎的東西;底座;山丘,0
mower,n,割草機;收割機,0
mumble,n,含糊的話;咕噥,0
muse,n,沈思;冥想,0
mustard,n,芥末;芥菜;芥末色,0
mutter,n,咕噥;抱怨,0
mutton,n,羊肉,0
myth,n,神話;虛構的人(或事物),0
nag,n,好嘮叨的人,0
newscast,n,新聞廣播,0
nibble,n,細咬;啃;少量,0
nickel,n,鎳;五分鎳幣,0
nightingale,n,夜鶯,0
nostril,n,鼻孔,0
notable,n,名人;顯要人物,0
notion,n,概念;想法;打算,0
novice,n,新手;初學者,0
nucleus,n,(原子)核;細胞核;核心,0
nude,n,裸體畫像;裸體,0
oar,n,槳;櫓;划手,0
oasis,n,(沙漠中)的綠洲,0
oath,n,誓言;宣誓,0
oatmeal,n,燕麥片;燕麥粥,0
oblong,n,橢圓形,0
observer,n,觀察員;奉行者,0
occurrence,n,發生;出現;事件,0
octopus,n,章魚,0
odds,n,機會;可能性;投注賠率;不和,0
odor,n,氣味,0
olive,n,橄欖;橄欖色,0
opponent,n,"對手;敵手,反對者",0
optimism,n,樂觀;樂觀主義,0
orchard,n,果樹園;果樹林,0
organizer,n,組織者;萬用記事本,0
orient,n,亞洲國家(尤指東亞),0
oriental,n,東方人;亞洲人,0
ornament,n,裝飾品;裝飾,0
orphanage,n,孤兒院;孤兒身分,0
ostrich,n,駝鳥;有駝鳥心理的人,0
ounce,n,"盎司,英兩",0
output,n,出產;生產;產量,0
outsider,n,外人;門外漢;局外人,0
outskirts,n,(複數)郊外;郊區,0
overall,n,工作褲;工作服;防護服,0
overflow,n,溢出;過剩;泛濫,0
overwork,n,過於繁重的工作;過勞,0
oyster,n,牡蠣;沈默寡言的人,0
ozone,n,臭氧,0
pacific,n,(大寫) 太平洋,0
packet,n,小包(裹);小捆;小袋,0
paddle,n,槳;(桌球的)球拍,0
pane,n,窗玻璃片;窗格;嵌板,0
paradox,n,自相矛盾的議論,0
parallel,n,平行線;平行面,0
parlor,n,客廳;接待室,0
participant,n,關係者;參與者,0
particle,n,微粒;顆粒,0
pastime,n,消遣;娛樂,0
pastry,n,酥皮點心,0
patch,n,補釘;補片;貼片,0
patent,n,專利;專利權,0
patriot,n,愛國者,0
patrol,n,巡邏;巡邏兵,0
patron,n,贊助者;主顧(尤指老顧客),0
peacock,n,孔雀;愛炫耀的人,0
peasant,n,農夫,0
peck,n,啄;啄痕;輕吻,0
peddler,n,小販,0
peek,n,偷偷看;一瞥,0
peg,n,栓;樁;(曬衣用)衣夾;(木製)假腿,0
perch,n,(鳥類的)棲息處,0
performer,n,演出者;演奏者;表演者,0
peril,n,(嚴重的)危險;危險的事物,0
personnel,n,(總稱)人員;員工;人事部門,0
pessimism,n,悲觀;悲觀主義,0
pier,n,碼頭;防波堤,0
pilgrim,n,"香客,朝聖者",0
pillar,n,柱子;棟樑,0
pimple,n,丘疹;面皰,0
pinch,n,擰;夾;(一)撮,0
piss,n,小便,0
pistol,n,手槍,0
plague,n,瘟疫;天災;禍患,0
plantation,n,大農園;造林地,0
playwright,n,劇作家,0
plea,n,請求;懇求,0
pledge,n,保證;誓言;抵押,0
plow,n,犁;除雪機,0
pluck,n,(一)拉;(一)扯,0
plunge,n,跳入;衝進;猛跌,0
pocketbook,n,錢包;皮夾子;袖珍本,0
poke,n,戳;捅;撥弄;慢性子的人,0
porch,n,門廊;入口處;走廊,0
potential,n,"可能性;潛力,潛能",0
poultry,n,家禽,0
prairie,n,大草原,0
precaution,n,謹慎;預防措施,0
preference,n,偏愛;優先(權),0
preview,n,預習;預告片,0
prey,n,被捕食的動物;犧牲者,0
prick,n,刺;扎;刺傷;悔恨,0
prior,n,修道院院長或副院長,0
priority,n,在先;重點;優先權,0
procession,n,一(長)列;一(長)排;隊伍,0
profile,n,側影;輪廓;人物簡介,0
prop,n,支柱;支撐物;後盾;道具,0
prophet,n,先知,0
proportion,n,比例;比率,0
prospect,n,預期;前途;盼望的事物,0
province,n,"省,州",0
prune,n,梅乾;深紫紅色,0
puff,n,(一)吹;粉撲;(奶油)鬆餅,0
pulse,n,脈搏;有節奏的跳動,0
purchase,n,所購之物,0
pyramid,n,(常大寫)金字塔;三角錐,0
quack,n,鴨叫聲,0
quart,n,夸脫(=2 品脫),0
quest,n,追求;探索,0
quiver,n,顫抖;抖動;箭袋內的箭,0
rack,n,掛物架;(行李)網架,0
radish,n,小蘿蔔,0
radius,n,半徑,0
rail,n,欄杆;扶手;鐵軌,0
rally,n,大集會;重整旗鼓,0
ranch,n,大牧場,0
rascal,n,無賴;淘氣鬼,0
ratio,n,比率;比例,0
rattle,n,咯咯聲;吵鬧聲,0
realm,n,王國;國土;領土,0
rear,n,"後部,後面",0
reef,n,礁;暗礁,0
reel,n,捲軸;捲筒;一捲,0
referee,n,裁判員;仲裁人,0
refuge,n,躲避;避難;避難所,0
reign,n,統治;在位期間,0
relic,n,遺物;遺風;遺跡,0
reminder,n,"提醒者,提醒物;催函",0
reptile,n,爬行動物;爬蟲類,0
republican,n,共和主義者,0
resentment,n,憤慨;怨恨,0
residence,n,住所;住宅,0
resident,n,居民;住院醫生,0
resort,n,休閒度假之處;名勝,0
resume,n,(個人)簡歷,0
retort,n,回嘴;反駁,0
reverse,n,相反;反面;反向,0
revolt,n,反叛;起義;反感,0
rhino,n,犀牛,0
rhinoceros,n,犀牛,0
rib,n,肋骨;排骨,0
ridge,n,屋脊;山脈;(狹長的)隆起部,0
rifle,n,"步槍,來福槍",0
rim,n,(尤指圓形物的)邊緣,0
rip,n,裂口,0
ripple,n,漣漪;細浪;波紋,0
rival,n,"競爭者,對手,敵手",0
roam,n,漫步;漫遊;流浪,0
robin,n,知更鳥,0
rod,n,"棒,桿,竿",0
rubbish,n,垃圾;廢物,0
rumble,n,隆隆聲;轆轆聲,0
rustle,n,沙沙聲;窸窣聲,0
saddle,n,馬鞍;(自行車、摩托車的)車座,0
saint,n,聖徒;道德崇高的人,0
salmon,n,鮭魚;鮭肉;鮭肉色,0
salute,n,敬禮;致敬;致意,0
sandal,n,涼鞋;拖鞋,0
savage,n,野蠻人,0
scan,n,掃描,0
scandal,n,醜聞;醜事,0
scar,n,疤;(物品等的)損傷痕,0
scent,n,氣味;香味;蹤跡,0
scheme,n,計劃;方案,0
scorn,n,輕蔑;嘲笑,0
scramble,n,爬行;攀登;爭奪,0
scrap,n,碎片;小塊;破爛,0
scrape,n,刮;擦;擦傷;擦痕,0
scroll,n,卷軸;渦卷形裝飾,0
sculptor,n,雕刻家,0
segment,n,部分;部門;切片,0
sensation,n,感覺;知覺;轟動,0
sensitivity,n,敏感性;感受性,0
sentiment,n,感情;情緒;感傷,0
sergeant,n,中士;警官,0
series,n,連續;系列,0
sermon,n,佈道;說教,0
server,n,侍者;伺服器,0
setting,n,安裝;設定;鑲嵌;背景,0
sheriff,n,警長,0
shield,n,盾;保護者;擋板,0
shiver,n,顫抖;寒顫,0
shortage,n,"缺少,不足,匱乏",0
shortcoming,n,"缺點,短處",0
shove,n,推;撞,0
shred,n,碎片;碎條;破布,0
shriek,n,尖叫聲,0
shrine,n,聖壇;神殿,0
shrub,n,矮樹;灌木,0
shudder,n,發抖;戰慄,0
shutter,n,關閉物;活動遮板;(相機的)快門,0
silkworm,n,蠶,0
simmer,n,即將沸騰(或爆發)的狀態,0
skeleton,n,骨骼;骨瘦如柴的人(或動物);概略,0
skull,n,頭骨;骷髏畫,0
slam,n,砰然聲;(撲克牌的)滿貫,0
slap,n,摑;侮辱,0
slaughter,n,屠宰;大屠殺,0
slump,n,暴跌;不景氣;消沈,0
smash,n,粉碎;瓦解;(演出等的)成功,0
snarl,n,吠;咆哮;纏結,0
snatch,n,奪取;抓走,0
sneak,n,"溜走,不告而別",0
sneaker,n,運動鞋,0
sniff,n,嗅;聞;吸氣聲,0
snore,n,打鼾;鼾聲,0
snort,n,噴鼻息;噴氣聲,0
soak,n,浸泡;浸漬,0
sole,n,腳底;鞋底;襪底;底部;比目魚,0
solitary,n,獨居者;隱士,0
solo,n,獨奏(曲);獨唱(曲);單飛,0
sovereign,n,君主;元首;主權國家,0
spacecraft,n,"太空船,航天器",0
spaceship,n,太空船,0
specialist,n,專家;專科醫生,0
specimen,n,樣品;標本,0
spectacle,n,景象;奇觀;壯觀,0
spectator,n,旁觀者;目擊者,0
spine,n,脊柱;書脊;骨氣,0
splendor,n,光輝;壯觀;輝煌,0
sponge,n,海綿;海綿狀物,0
spotlight,n,聚光燈;公眾注意的中心,0
sprint,n,全速疾跑;短距離賽跑,0
spur,n,踢馬刺;激勵;(雞等的)距;骨刺,0
squat,n,蹲坐;蜷伏,0
stack,n,乾草堆;一疊;煙囪,0
stagger,n,搖晃;蹣跚,0
stain,n,污點;色斑;染色劑,0
stake,n,股本;賭金;危險,0
stall,n,廄;攤位;(汽車的)拋錨,0
stanza,n,詩的一節,0
statesman,n,政治家,0
statistic,n,統計量;統計數值,0
steer,n,"指點,建議",0
stereotype,n,陳規;鉛版印刷,0
stew,n,燉肉;燜菜;燉煮的食物,0
steward,n,男服務員;管家,0
stewardess,n,(客機、輪船)女服務員,0
stink,n,臭氣,0
stoop,n,彎腰;駝背;屈尊,0
storage,n,貯藏;貯藏庫,0
strain,n,拉緊;張力;壓力;扭傷;血緣,0
strait,n,海峽,0
strand,n,股;縷;絞;線;繩;串,0
strap,n,帶子;皮帶,0
stray,n,迷路者;流浪者;走失的家畜,0
streak,n,條紋;斑紋;光線,0
stride,n,闊步;步姿,0
stripe,n,條紋;斑紋;線條,0
stroll,n,散步;閒逛,0
stumble,n,絆倒;失足,0
stump,n,殘幹;(鉛筆)頭;(煙)蒂,0
stutter,n,結巴;口吃,0
substitute,n,代替物;代用品,0
suitcase,n,小型旅行箱;手提箱,0
sulfur,n,硫(磺);硫磺色,0
superstition,n,迷信,0
supervisor,n,管理人;指導者,0
surge,n,大浪;波濤,0
swamp,n,沼澤;沼澤地;困境,0
swarm,n,(密集的)一大群,0
tan,n,棕褐色;曬成的棕褐膚色;鞣料,0
tangle,n,糾結;紛亂,0
tar,n,柏油;瀝青; 水手,0
tart,n,水果餡餅;水果蛋糕,0
taunt,n,辱罵;嘲笑;被嘲笑的人,0
tavern,n,小酒館;小客棧,0
teller,n,敘述者;(銀行)出納員,0
tempo,n,速度;拍子,0
temptation,n,引誘;誘惑;誘惑物,0
tenant,n,房客,0
terminal,n,終端機;接頭,0
terrace,n,大陽臺;露天階梯看臺;梯田,0
thigh,n,股;大腿,0
thorn,n,刺;棘;惱人的事或人,0
thrill,n,興奮;顫抖;引起激動的事物,0
thriller,n,恐怖小說(或電影等),0
throne,n,王座;神座;君權;帝王,0
throng,n,人群;大群;群集,0
thrust,n,猛推;刺;驅動力,0
tick,n,(鐘;錶等的)滴答聲;蝨,0
tile,n,瓦;瓷磚;地磚;(麻將等的)牌,0
tilt,n,傾斜;傾向,0
tin,n,錫;罐頭,0
tiptoe,n,腳趾尖,0
toad,n,蟾蜍;令人討厭的人,0
toil,n,辛苦;勞累;苦工,0
token,n,標誌;象徵;代價券;籌碼,0
torch,n,"火炬,火把",0
torment,n,痛苦;苦惱;折磨,0
torrent,n,洪流;(話語的)連發;(感情的)狂潮,0
torture,n,拷打;酷刑;折磨,0
tournament,n,比賽;錦標賽,0
trademark,n,商標,0
traitor,n,叛徒;賣國賊;背叛者,0
tramp,n,沈重的腳步聲;流浪;流浪者;蕩婦,0
trample,n,踐踏;蹂躪;踐踏聲,0
treasury,n,金庫;庫房;國庫;寶庫,0
treaty,n,"條約,協定",0
trench,n,溝;溝渠;戰壕,0
tribute,n,進貢;敬意;尊崇,0
trifle,n,瑣事;小玩意;乳脂鬆糕,0
trim,n,修剪;修整;鑲邊飾,0
triple,n,三倍數;三倍量;三個一組;三壘打,0
trot,n,(馬等的)小跑;(人的)慢跑,0
trout,n,鱒魚;鮭鱒魚,0
tuck,n,(衣服等的)褶襉;打褶,0
tuition,n,學費,0
tuna,n,鮪魚,0
tyrant,n,暴君;專橫的人,0
umpire,n,仲裁人;(棒球等的)裁判員,0
undergraduate,n,大學生;大學肄業生,0
underline,n,底線,0
underneath,n,下面;底部,0
update,n,最新的(信息、報導等);更新,0
upright,n,垂直;豎立;直立的東西,0
vacancy,n,空;空白;空房;空缺,0
vacuum,n,真空;空白;吸塵器,0
vanity,n,自負;虛榮;梳妝臺,0
vapor,n,水汽,0
vegetation,n,植被;草木,0
veil,n,面紗;帷幕;託詞,0
vein,n,靜脈;(葉、翅、礦)脈;紋理,0
velvet,n,天鵝絨;絲絨,0
venture,n,冒險;企業,0
verbal,n,準動詞,0
vertical,n,垂直線;垂直面,0
veto,n,否決;否決權,0
videotape,n,錄影帶;錄像帶,0
viewer,n,觀看者;觀眾,0
vigor,n,vigor,0
villain,n,壞人;反派角色,0
vine,n,藤;藤蔓;葡萄樹,0
violinist,n,小提琴手,0
visa,n,簽證,0
vow,n,誓言;誓約,0
wade,n,跋涉;艱難的行走,0
wail,n,慟哭聲;哀訴,0
ward,n,病房;牢房;行政區,0
ware,n,(特定種類的)陶器;貨物,0
warehouse,n,倉庫;批發店,0
warrior,n,武士;戰士;勇士,0
wharf,n,碼頭;停泊處,0
wheelchair,n,輪椅,0
whereabouts,n,行蹤;下落,0
whine,n,哀鳴聲;牢騷,0
whirl,n,旋轉;迴旋,0
whisk,n,撢;迅速移動;攪拌器,0
whiskey,n,威士忌酒,0
whisky,n,威士忌酒,0
wholesale,n,批發,0
widow,n,寡婦,0
widower,n,鰥夫,0
wig,n,假髮,0
wilderness,n,"荒野,荒漠",0
wildlife,n,野生生物,0
woe,n,悲哀;災難,0
woodpecker,n,啄木鳥,0
workshop,n,作坊;研討會,0
worship,n,崇拜;敬神;禮拜,0
wreath,n,花圈;花冠,0
wring,n,絞;擰;扭,0
yacht,n,快艇;遊艇,0
yarn,n,紗;紗線;冒險故事,0
yeast,n,酵母;酵母片,0
yield,n,產量;利潤,0
yoga,n,瑜珈,0
zinc,n,鋅,0
zip,n,(子彈的)尖嘯聲;拉鍊;零,0
zoom,n,嗡嗡聲;變焦攝影,0
